﻿;;en;Code;
1;AHP;AHP - HIGH PRESSURE;AHP;
1;ALP;ALP - LOW PRESSURE;ALP;
1;AVA;AVA - VACUUM ACIDIC;AVA;
1;AVN;AVN - VACUUM NEUTRAL;AVN;
1;GCP;GCP - CHLORINE PRESSURIZED;GCP;
1;GCV;GCV - CHLORINE VACUUM;GCV;
1;GFH;GFH - FLAMMABLE HYDROGEN;GFH;
1;GFP;GFP - FUEL PROPANE;GFP;
1;GHA;GHA - HYDROCHLORIC ACID;GHA;
1;GHS;GHS - HYDROGEN SULPHIDE;GHS;
1;GIA;GIA - INERT ARGON;GIA;
1;GIN;GIN - INERT NITROGEN;GIN;
1;GLA;GLA - LIQUIFIED ARGON;GLA;
1;GLN;GLN - LIQUIFIED NITROGEN;GLN;
1;GLO;GLO - LIQUIFIED OXYGEN;GLO;
1;GOH;GOH - OXYGEN HIGH PRESSURE;GOH;
1;GOL;GOL - OXYGEN LOW PRESSURE;GOL;
1;GSH;GSH - STEAM HIGH PRESSURE;GSH;
1;GSL;GSL - STEAM LOW PRESSURE;GSL;
1;LAA;LAA - ACIDIC;LAA;
1;LAC;LAC - ACIDIC CHLORIDES;LAC;
1;LCB;LCB - ACIDIC COBALT ELECTROLYTE SOLUTION;LCB;
1;LCP;LCP - ACIDIC COPPER ELECTROLYTE SOLUTION;LCP;
1;LDC;LDC - DISOLVED CHLORINE;LDC;
1;LHA;LHA - HYPOCHLORITE AQUEOUS;LHA;
1;LNC;LNC - NEUTRAL CHLORIDES;LNC;
1;LNN;LNN - NEUTRAL;LNN;
1;LOA;LOA - ORGANIC AQUEOUS;LOA;
1;LOO;LOO - ORGANIC;LOO;
1;LSC;LSC - SULPHATE CHLORINE OXYGEN;LSC;
1;LSO;LSO - SULPHATE OXYGEN;LSO;
1;OFD;OFD - FUEL DIESEL;OFD;
1;OFO;OFO - FUEL OIL;OFO;
1;OHY;OHY - HYDRAULIC;OHY;
1;OLU;OLU - LUBRICATION;OLU;
1;RB1;RB1 - AMINE;RB1;
1;RB2;RB2 - DISPERSANT;RB2;
1;RBA;RBA - BORIC ACID;RBA;
1;RBH;RBH - BARIUM HYDROXIDE;RBH;
1;RBS;RBS - BIOCIDES;RBS;
1;RCC;RCC - COAGULANT;RCC;
1;RCI;RCI - CORROSION INHIBITOR;RCI;
1;RDD;RDD - DILUENT;RDD;
1;RDF;RDF - DEFOAMING AGENT;RDF;
1;RDI;RDI - DIELECTRIC INK;RDI;
1;REE;REE - EXTRACTANT;REE;
1;RFF;RFF - FLOCCULANT;RFF;
1;RFO;RFO - FOAM CONCENTRATE;RFO;
1;RFP;RFP - FILTER PRE-COAT;RFP;
1;RGA;RGA - GRANULAR ACTIVATED CARBON / SPENT CARBON SLURRY;RGA;
1;RGG;RGG - GLYCOL;RGG;
1;RGU;RGU - GUAR;RGU;
1;RGV;RGV - NI EW PLATING REAGENT;RGV;
1;RHA;RHA - HYDROCHLORIC ACID;RHA;
1;RHD;RHD - HYDROCHLORIC ACID DILUTE;RHD;
1;RIW;RIW - INORGANIC WASTE;RIW;
1;RLH;RLH - LIQUID H2S;RLH;
1;RLS;RLS - LIMESTONE SLURRY;RLS;
1;RML;RML - MILK OF LIME;RML;
1;RNC;RNC - SODIUM CARBONATE;RNC;
1;RNH;RNH - SODIUM HYDROXIDE DILUTE;RNH;
1;RNL;RNL - SODIUM LIGNOSULPHONATE;RNL;
1;RNM;RNM - SODIUM METABISULPHITE;RNM;
1;RNN;RNN - SODIUM CHLORIDE;RNN;
1;RNP;RNP - SODIUM POWDER;RNP;
1;ROS;ROS - OXYGEN SCAVENGER;ROS;
1;ROW;ROW - ORGANIC WASTE;ROW;
1;RPW;RPW - POTASSIUM IODIDE WASTE;RPW;
1;RSA;RSA - SULPHURIC ACID;RSA;
1;RSC;RSC - SCALED DISPERSANT (COOLING TOWER);RSC;
1;RSD;RSD - SULPHURIC ACID - DILUTE;RSD;
1;RSI;RSI - SCALE INHIBITOR;RSI;
1;RVC;RVC - VIBRA COMPOUND;RVC;
1;SAA;SAA - ACIDIC;SAA;
1;SAC;SAC - ACIDIC CHLORIDES;SAC;
1;SCR;SCR - COMBINED RESIDUE;SCR;
1;SMF;SMF - MAIN FEED;SMF;
1;SNC;SNC - NEUTRAL CHLORIDES;SNC;
1;SNN;SNN - NEUTRAL;SNN;
1;SOA;SOA - ORGANIC AQUEOUS;SOA;
1;VAC;VAC - AUTOCLAVE WTS;VAC;
1;VDD;VDD - DRY;VDD;
1;VWC;VWC - WET CHLORINE;VWC;
1;VWO;VWO - WET ORGANIC;VWO;
1;VWW;VWW - WET;VWW;
1;WCH;WCH - CONDENSATE HIGH PRESSURE;WCH;
1;WCL;WCL - CONDENSATE LOW PRESSURE;WCL;
1;WCR;WCR - COOLING RETURN;WCR;
1;WCS;WCS - COOLING SUPPLY;WCS;
1;WDP;WDP - DRAIN SANITARY PUMPED;WDP;
1;WDS;WDS - DISOLVED SOLIDS;WDS;
1;WFF;WFF - FIRE PROTECTION WATER;WFF;
1;WGR;WGR - GLYCOL RETURN;WGR;
1;WGS;WGS - GLYCOL SUPPLY;WGS;
1;WHS;WHS - OCEAN WATER;WHS;
1;WPP;WPP - PROCESS;WPP;
1;WRR;WRR - RAW / BOILER FEED;WRR;
1;WSD;WSD - SANITARY DRAIN;WSD;
1;WSE;WSE - SEWAGE EFFLUENT;WSE;
1;WSH;WSH - SEAL HIGH PRESSURE;WSH;
1;WSL;WSL - SEAL LOW PRESSURE;WSL;
1;WSP;WSP - STORM PUMPED;WSP;
1;WSR;WSR - SEAL RETURN;WSR;
1;WSS;WSS - STORM;WSS;
1;WTE;WTE - TREATED EFFLUENT;WTE;
1;WTP;WTP - TREATED POTABLE;WTP;
1;WTS;WTS - TREATED SOFTENED;WTS;
1;UNK;UNKNOWN;UNK;