﻿;;en;
1;alh;Hann, Alex (Long Harbour);
1;alm;Moya, Alberto (Long Harbour);
1;ama;Mawhinney, Aaron (Long Harbour);
1;ame;Mercer, Ashley (Argentia);
1;amy;May, Amanda (Long Harbour);
1;anc;Careen, Anthony (Long Harbour);
1;atc;Attwood, Cynthia (Long Harbour);
1;atk;Atteck, Keith;
1;avn;Avila, Nelida;
1;baa;Baker, Adam (Long Harbour);
1;bab;Bartlett, Brian (St. John's - Corporate Office);
1;bac;BARNES, CHRIS (Long Harbour);
1;baj;Bagley, Jennifer (St. John's);
1;bal;Bartlett, Lisa (Long Harbour);
1;bat;Batstone, Trevor (Long Harbour);
1;bea;Bertin, Angela (Long Harbour);
1;bej;Belben, Jeffrey (St. John's - Corporate Office);
1;bes;Bennett, Steve (St. John's);
1;bet;Bennett, Tara (Long Harbour);
1;big;Bishop, Giles (Mississauga);
1;biw;Bishop, Wayne (Long Harbour);
1;blj;Blanche, Jordan (St. John's);
1;bls;Blanchard, Susan (St. John's - Corporate Office);
1;bob;Boone, Brent (Long Harbour);
1;bod;Bolt, Danielle (St. John's);
1;bol;Oliver, Brian (Long Harbour);
1;bra;Brothers, Aaron (Long Harbour);
1;brd;Brown, Donna (Long Harbour);
1;bre;Brown, Evan (St. John's - Project Office);
1;brl;Bruno Lage Naves;
1;brm;Bresil, Maureen (Long Harbour);
1;brr;Bruce, Robert (Long Harbour);
1;brw;Brown, Wayne (Long Harbour);
1;bua;Burke, Alexander (Long Harbor);
1;buj;Bumstead, James (St. John's);
1;buk;Butt, Kathryn (Long Harbour);
1;bus;Burton, Steve (Long Harbour);
1;but;Butler, Troy (St. John's);
1;caa;Caines, Aaron (Long Harbour);
1;cac;Careen, Christine (Long Harbour);
1;cad;Carroll, Daniel (Long Harbour);
1;caj;Caddigan, Jerome (Long Harbour);
1;cap;Carteado, Paula (Long Harbour);
1;chd;Chow, Derek (Sheridan Park);
1;chn;Chris Norris;
1;chr;Ching, Roberto (Sheridan Park);
1;chs;Stacy Chidley;
1;cht;Chacko, Thomas (Long Harbour);
1;clw;Cluett, Wade (Long Harbour);
1;cob;O'Leary, Clyde (Long Harbour);
1;coc;Collins, Conrad (St. John's);
1;cod;Coley, Daniel (Long Harbour);
1;coh;Corbett, Holly (St. John's);
1;coj;Collins, Jared (Long Harbour);
1;com;Couves, Meghan (Long Harbour);
1;cor;Coulas, Robert (Long Harbour);
1;cos;Coles, Scott;
1;crg;Crocker, George (Long Harbour);
1;crr;Rowntree, Chris R. (Long Harbour);
1;cyj;Cyr, Julien (Voisey's Bay - Mine Site);
1;dam;Dalton, Melissa (Long Harbour);
1;dat;Davis, Tony (Long Harbour);
1;dej;Defreyne, Jennifer (Long Harbour);
1;des;Delaney, Sean (St John's);
1;doa;Dominix, Adam (Long Harbour);
1;dod;Doran, Dianne;
1;dom;Dooley, Mark (Long Harbour);
1;don;Norcott, Donna (Long Harbour);
1;dpo;Power, David (Long Harbour);
1;drd;Drover, Darryl P. (St. John's - Project Office);
1;drs;Drake, Scott (Long Harbour);
1;dsb;Brown, Desmond (Thompson - Mill);
1;duh;Haley, Duane (Long Harbour);
1;dwh;Heath, Dwight (Long Harbour);
1;dym;Dyke, Megan (St. John's - Project Office);
1;dza;Dzenis, Andy (Long Harbour);
1;ems;Emblau, Shari (St. John's - Corporate Office);
1;faj;Faucher, Jonathan;
1;fij;Field, Justin (Long Harbour);
1;flm;Fleming, Michael (Long Harbour);
1;fop;Forsey, Paul (Long Harbour);
1;for;Forsey, Reg (Long Harbour);
1;fow;Foss, William (St. John's - Corporate Office);
1;frs;Francis, Sandy (Long Harbour);
1;fut;Furlong, Tina (Long Harbour);
1;gam;Garreffa, Michael (St. John's - Project Office);
1;gis;Gilberto Salim Maluf Filho;
1;goj;Goodyear, Jeremy (St. John's);
1;gok;Gottliebsen, Ken (Long Harbour);
1;gra;Greene, Adam (Long Harbour);
1;grm;Griffiths, Mary (Long Harbour);
1;grp;Groves, Penny (Long Harbour);
1;grw;Griffiths, William (St. John's);
1;gug;Gustavo Gonsalves Cota;
1;haa;Hamilton, Ashley (Long Harbour);
1;hab;Hallett, Brad (St. John's - Project Office);
1;had;Hanna, Darren (Long Harbour);
1;haj;Halfyard, John (Long Harbour);
1;hak;Hawco, Krista (Long Harbour);
1;hec;Courtenay, Heidi (St. John's - Project Office);
1;hed;Head, Dwayne;
1;hes;Hepditch, Shelley (Long Harbour);
1;hic;Hickey, Charlotte (St. John´s - Project Office;
1;hih;Hiscock, Harris (Long Harbour);
1;hij;Higdon, Jason (Long Harbour);
1;hik;Hickey, Ken (Long Harbour);
1;hoa;Hobbs, Ashley (Long Harbour);
1;hol;Hollett, Lesley (Long Harbour);
1;hon;Howell, Nadine (St. John's - Project Office);
1;hop;Hoskins, Peter (Long Harbour);
1;hor;Hogan, Robert (Long Harbour);
1;hot;Holleman, Tony (Long Harbour);
1;huf;Hull, Frederick (Long Harbour);
1;hus;Hunt, Shawn (Long Harbour);
1;hyr;Hynes, Rod (Long Harbour);
1;inm;Ings, Marvin (Long Harbour);
1;iss;Iszkula, Stan (Long Harbour);
1;ius;Iu, Stella (Long Harbour);
1;jac;Callan, Jason (Long Harbour);
1;jar;Jacobs, Ryan (Long Harbour);
1;jeh;Hayes, Jennifer (Long Harbour);
1;jeq;Quilty, Jennifer (Long Harbour);
1;jfh;Harris, Jeff (Long Harbour);
1;jha;Hassan, Junaid (Long Harbour);
1;jke;Kennedy, Jillian (Long Harbour);
1;jog;Jones, Glen (Long Harbour);
1;jom;Jones, Matthew (Long Harbour);
1;jpe;Peddle, Janiene (Long Harbour);
1;juc;Canam, Justin (Long Harbour);
1;kad;Kavanagh, Donna (Long Harbour);
1;kag;Karla Goodwin;
1;kec;Kennedy, Clin (Long Harbour);
1;kee;Keraudran, Enora;
1;keg;Kean, George (Long Harbour);
1;kej;Kean, Jeff (Thompson);
1;ket;Kelsey, Thomas (Long Harbour);
1;kez;Kenneally, Zachary (Long Harbour);
1;kib;King, Blair (Long Harbour);
1;kis;King, Stephanie (Long Harbour);
1;kit;Kindred, Tim (Long Harbour);
1;klo;Lofvendahl, Keith;
1;kog;Kowal, Greg (Long Harbour);
1;lae;Lacey Edwards;
1;laj;Lambert, John (Long Harbor);
1;len;Leawood, Nancy (Long Harbour);
1;lev;Lee, Vanessa (Long Harbour);
1;lmu;Murray, Lynne (Long Harbour);
1;loa;Loder, Adam (VBN Mine Site);
1;lod;Loder, Dale (Long Harbour);
1;lok;Loveys, Kirk (Long Harbor);
1;lol;Long, Li (Long Harbour);
1;lom;Lo, Michael (Long Harbour);
1;lop;Lorraine Power;
1;maa;Marsden, Andrew (Long Harbour);
1;mad;Manning, Donna (Long Harbour);
1;mae;MacDonald, Elizabeth (Long Harbour);
1;maj;Marzocca, James (Long Harbour);
1;map;Maloney, Peter (Long Harbour);
1;mas;Majerus, Sherry (St. John's - Project Office);
1;mbm;(Mojy) Banaei, Mojtaba (St. John's - Corporate Office);
1;mca;McDonald, Anthony (Long Harbour);
1;mcc;McCulloch, Chris (Long Harbour);
1;mcj;McGrath, Janine (Long Harbour);
1;mcm;McCarthy, Mary (St. John's);
1;mea;Mercer, Allan (St. John's - Project Office);
1;mef;Meaney, Frances (Long Harbour);
1;mgs;Marshall, Seth (St. John's - Project Office);
1;mic;Cooper, Michael (Sudbury);
1;mid;Miles, Danielle (St. John's - Project Office);
1;mjh;Johnson, Mark (Long Harbour);
1;mjo;Jones, Matt (Sudbury);
1;moa;Mooney, Allison (Long Harbour);
1;mok;Molloy, Karla (Long Harbour);
1;mom;Moores, Matthew (St. John's - Project Office);
1;msm;Maggie Smith;
1;mub;Musseau, Brian (Long Harbour);
1;muc;Murray, Chris (St. John's - Project Office);
1;mul;Murphy, Linda (Long Harbour);
1;mur;Mulrooney, Ryan (Long Harbour);
1;mus;Musseau, Suzanne (St. John's);
1;mut;Murphy, Tammy;
1;myo;Myrie, Oliver (Long Harbour);
1;naj;Naugler, John (Long Harbour);
1;nas;Nasir Shaikh (Regina);
1;nec;Newhook, Claudine (Long Harbour);
1;nis;Nicks, Steven (Long Harbour);
1;nod;Nollet, David (Long Harbour);
1;nog;Noseworthy, Glenn (Toronto);
1;nos;Norman, Steve (Long Harbour);
1;o’a;O’Leary, April (Long Harbour);
1;oak;Oake, Kimberly (Long Harbour);
1;obr;O'Brien, Carl (Long Harbour);
1;o'd;O'Brien, Devin (Long Harbour);
1;olb;Oliver, Brandon (Long Harbour Operation;
1;orm;Organ, Michael (Long Harbour);
1;o't;O'Neill, Timothy (Long Harbor);
1;ota;Other - Author (External);
1;oti;Other - Vale Inco;
1;otv;Other - Vale;
1;oua;Ourfalian, Aaron (St. John's - Corporate Office);
1;pad;Patey, Dwayne (Long Harbour);
1;pal;Parsons, Laura (Long Harbour);
1;par;Parsons, Ryan (Long Harbour);
1;pas;Parsons, Stephen (Long Harbour);
1;pat;Parsons, Trevor (St. John's - Project Office);
1;pec;Peinsznski, Christopher (Long Harbour);
1;peh;Perry, Herman (Long Harbour);
1;pei;Perederiy, Ilya;
1;pej;Perry, Joshua (Long Harbour);
1;per;Peterson, Ryan B. (Sudbury);
1;pes;Perry, Stephen (Long Harbour);
1;pib;Piercey, Bob (Long Harbour);
1;pid;Pilgrim, Dwayne (Long Harbour);
1;pim;Picco, Marshall (Long Harbour);
1;pli;Plante, Isabelle (Long Harbour);
1;pob;Pomroy, Brent (Long Harbour);
1;pod;Pomeroy, Donald (St. John's - Corporate Office);
1;pog;Power, Greg (Long Harbour);
1;pol;Power, Leonard (Long Harbour);
1;pom;Power, Matthew (Long Harbour);
1;pva;Vaters, Peter (Long Harbour);
1;quc;Quinlan, Cathy (Long Harbour);
1;quj;Quinn, Jarrett (Long Harbour);
1;ras;Ralph, Steven (St. John's - Project Office);
1;rea;Reddy, Adam (Long Harbour Operation);
1;rek;Renouf, Karen (St. John's);
1;rem;Reid, Michael;
1;rib;Richardson, Bianca (St. John's - Corporate Office);
1;rid;Rideout, Dean (Long Harbour);
1;rik;Richardson, Kenny (Long Harbour);
1;rim;Rishea, Marc;
1;rit;Ricketts, Tony (Long Harbour);
1;roc;Rowe, Colin (Long Harbour);
1;roj;Robinson, James;
1;ror;Rorke, Richard (Long Harbour);
1;ros;Rogers, Sheldon (Long Harbour);
1;ruv;Rueda, Veronica (Long Harbour);
1;ryg;Ryland, Gaylon (Long Harbour);
1;saj;Saunders, Jared (Voisey's Bay - Mine Site);
1;sar;Rohit Saini;
1;scd;Drover, Scott (Long Harbour);
1;sea;Segal, Andrew (Long Harbour);
1;seg;Seymour, Gerry (Long Harbour);
1;sem;Sergio Marreco Sardenberg de Matos;
1;shb;Shortt, Barry (Long Harbour);
1;shc;Shea, Christopher (Long Harbour);
1;sia;Sinclair, Andrew (Long Harbour);
1;sic;Simmonds, Cecil;
1;sig;Siyka Gavrailova;
1;sit;Singh, Tristan (Long Harbour);
1;smc;Smith, Corinne (St. John's - Project Office);
1;smd;Smith, Darrin (Long Harbour);
1;smk;Smith, Kaitlyn (Long Harbour);
1;smm;Smith, Michael (Long Harbour);
1;sms;Smith, Scott (Long Harbour);
1;spt;Sparkes, Tammy (Long Harbour);
1;sta;Stratton, Andrew (St. Johns);
1;stc;Stacey, Cora (Long Harbour);
1;std;Stevens, Don (Long Harbour);
1;ste;Desmarais, Stephanie;
1;sti;Stevens, Ian (St. John's - Project Office);
1;stj;Steven John;
1;stl;Stevens, Lesley (Long Harbour);
1;sua;Sudhakar Aithal;
1;taf;Talita Fernanda de Souza Costa;
1;taj;Taylor, John (Long Harbour);
1;tak;Taske, Kirsten (Long Harbour);
1;tam;Tanner, Matthew (St. Johns);
1;tap;Taylor, Paul (St. John's - Project Office);
1;thg;Thorne, Gary (Long Harbour);
1;thj;Thorne, Jason (Long Harbour);
1;tic;Tiffany Campbell;
1;tob;Basso, Tom;
1;toe;Tobin, Elizabeth (Sheridan Park);
1;tog;Toole, Gavin (Long Harbour);
1;toh;Hong, Tony (Long Harbour);
1;tub;Tucker, Bruce (Long Harbour);
1;tuc;Tulk, Clarence (St. John's - Corporate Office);
1;tud;Turner, Derrick (Long Harbour);
1;tuv;Tulk, Vincent (St. John's - Project Office);
1;vaa;Vallis, Angela (St. John's - Project Office);
1;vaj;Valero, Juan (Long Harbour);
1;vap;Van Puymbroeck, Jeff (Long Harbour);
1;wag;Warren, Gina (Long Harbour);
1;waj;Wall, Jeffrey (Long Harbour);
1;wam;Walsh, Michael (Long Harbour);
1;wha;Whiffen, Anne (Long Harbour);
1;whe;Whalen, Elizabeth (Long Harbour);
1;whm;Whiffen, Megan (Long Harbour);
1;whr;White, Richard (Long Harbour);
1;wic;Williams, Curtis (St. John's - Project Office);
1;wie;Wiszniewski, Eddie;
1;wif;Winsor, Fred (St. John's - Project Office);
1;woj;Woodman, Jason (Long Harbour);
1;wom;Worthman, Mitchell (Long Harbour);
1;xuj;Xu, Jing James (Long Harbour);
1;xut;Xue, Tao;
1;yap;Yankov,Peter (Long Harbour);
1;yup;Yuntao, Pan (Long Harbour);
1;yus;Yu, Susan (St. John's - Project Office);
1;zea;Zennaki, Alexis;
